Frontal_PSD,Frontal_HFD,Temporal_PSD,Temporal_HFD,Central_PSD,Central_HFD,Parietal_PSD,Parietal_HFD,Occipital_PSD,Occipital_HFD,Auxiliary_PSD,Auxiliary_HFD
4.656004600273417e-12,1.6582847019729923,3.1167689876535523e-12,1.5995822042200278,1.893362236178206e-12,1.6056176111910332,2.5419369400823535e-12,1.5583077846260016,2.492836804858622e-12,1.5541182706379781,5.120797245375457e-13,1.6557395208238554
3.985648532658763e-12,1.540246852120516,7.535639215958291e-13,1.5635997764183291,1.252623917850136e-12,1.445366060783669,1.1256041179059613e-12,1.3911052144127745,7.803151546321795e-13,1.4554054049545522,2.1879104977238481e-10,1.4577211351633481
2.3987090724703305e-12,1.2544525942638245,2.3250244242175742e-12,1.329634423949655,2.4414164468740403e-12,1.2310397444867787,3.566491607567011e-12,1.2020267626338055,8.757084937661788e-12,1.1700220946116056,1.521538358635012e-10,1.642377633221848
8.52080827607794e-13,1.540904176071472,6.823762904427418e-13,1.5871050186256106,8.099824290213115e-13,1.4674231538971017,8.126149010776837e-13,1.4264080271492194,7.631170074627945e-13,1.4343803512255646,5.840505363493059e-11,1.4982427776327285
1.098020270166926e-12,1.4197395434256659,7.014592664244947e-13,1.4885922839963,1.1352091601709636e-12,1.3880183572172553,1.1459001370509902e-12,1.4327961752021698,1.643525958557128e-12,1.5345811639848967,1.7463426283651619e-10,1.357694527186683
1.9765510539960682e-12,1.353408850779157,1.6839763936798441e-12,1.4316217837055314,1.8765602008786043e-12,1.26494483015435,3.036533301240313e-12,1.210551145090421,5.313664968483678e-12,1.1901903787705752,9.604002264067082e-11,1.4930928691409262
1.5031647483752676e-12,1.6087886629947266,8.578027666411671e-13,1.6132681311110717,1.0393926865150208e-12,1.4301101886291834,9.819563219318472e-13,1.4455861432011776,1.239258714975236e-12,1.5559447947892258,1.381628781999682e-10,1.3656978649083398
2.891314694854727e-12,1.4438578333789354,1.0384847365300796e-12,1.4856564526626408,1.4183836991797987e-12,1.3612506162067517,1.7413151068769143e-12,1.3346140098057673,1.383059722698363e-12,1.388794508018955,2.134864182208072e-10,1.5415453684326679
4.0324720488228065e-12,1.660455765890529,3.8114868841418585e-12,1.6557712121949835,3.244328404998284e-12,1.697997460742992,4.378463455382568e-12,1.6292849142264851,5.183186117712149e-12,1.5223880521363222,8.645785184154503e-13,1.5601950257773112
4.0324720488228065e-12,1.660455765890529,3.8114868841418585e-12,1.6557712121949835,3.244328404998284e-12,1.697997460742992,4.378463455382568e-12,1.6292849142264851,5.183186117712149e-12,1.5223880521363222,8.645785184154503e-13,1.5601950257773112
4.656004600273417e-12,1.6582847019729923,3.1167689876535523e-12,1.5995822042200278,1.893362236178206e-12,1.6056176111910332,2.5419369400823535e-12,1.5583077846260016,2.492836804858622e-12,1.5541182706379781,5.120797245375457e-13,1.6557395208238554
4.0324720488228065e-12,1.660455765890529,3.8114868841418585e-12,1.6557712121949835,3.244328404998284e-12,1.697997460742992,4.378463455382568e-12,1.6292849142264851,5.183186117712149e-12,1.5223880521363222,8.645785184154503e-13,1.5601950257773112
4.0324720488228065e-12,1.660455765890529,3.8114868841418585e-12,1.6557712121949835,3.244328404998284e-12,1.697997460742992,4.378463455382568e-12,1.6292849142264851,5.183186117712149e-12,1.5223880521363222,8.645785184154503e-13,1.5601950257773112
1.1808880436693752e-12,1.5763925925857447,1.2001010646780541e-12,1.5677326774703024,9.768178657860146e-13,1.6100779834336418,1.2169721237160045e-12,1.5351566581083818,1.6055766815522123e-12,1.4974203761111067,3.0831850789425294e-13,1.6559482080677441
6.5966489500913085e-12,1.9988594966886375,5.6739892084095225e-12,2.0045734545230323,5.8461243259337195e-12,2.035691529046988,6.465832312222961e-12,1.9963920682618,2.444602178703266e-11,1.8408829370883901,1.0491446442868499e-12,1.5985630039400966
1.7546134810100925e-12,1.556814671905313,1.4648490158780887e-12,1.553540324409485,1.1381656130748337e-12,1.5968760087732286,1.5468631331618995e-12,1.5265265975850097,2.1668192552884337e-12,1.4999145883117038,3.8184399488378336e-13,1.6578906316010704
4.454508676605191e-12,1.646193686506917,2.945848439448102e-12,1.6138883313194938,1.6807540467990675e-12,1.6069529467215944,2.315971754453156e-12,1.5592085812438314,2.300483968146321e-12,1.555272071975139,5.670350930386913e-13,1.5611610323175924
9.383281777156973e-12,1.964667502991508,6.249943800421146e-12,1.987436027221925,6.067215757393743e-12,2.015388020512233,6.770268408701716e-12,1.9820992667331214,1.0200549096770733e-10,1.8977597377882636,9.914741762089487e-13,1.7165751118088661
3.3177537311404785e-12,1.561226798658779,2.725212359741504e-12,1.5561816747958375,2.1587319376326776e-12,1.5964468541998054,2.7843059892275804e-12,1.5279947417100217,3.902920784276074e-12,1.5134767786221714,7.127202525586481e-13,1.5421250090994494
2.7279145800920068e-12,1.5712857216320242,2.9746733180552046e-12,1.5436235750828549,1.993706714658878e-12,1.5622251986811302,2.4662109657383733e-12,1.5223713104992358,3.322834881797513e-12,1.416570806762948,5.291498659737433e-13,1.6505099316415883
3.392725880767223e-12,1.9485055261095334,4.302886200100627e-12,1.9326166080550284,4.080406645161561e-12,1.9796631154454545,4.73835016686466e-12,1.9221016223040703,5.042653586906986e-12,1.850441901522046,5.978090869776673e-13,1.7085631224255817
7.996315619011077e-12,1.662505369968427,2.801221178515427e-12,1.575180665786246,2.9810425719570936e-12,1.6241019283200113,3.85343791620868e-12,1.5691160994581466,3.6811879007890225e-12,1.5391819539882188,1.2894433678543148e-12,1.7211972815811725
4.0324720488228065e-12,1.660455765890529,3.8114868841418585e-12,1.6557712121949835,3.244328404998284e-12,1.697997460742992,4.378463455382568e-12,1.6292849142264851,5.183186117712149e-12,1.5223880521363222,8.645785184154503e-13,1.5601950257773112
1.0030520728019376e-12,1.4345822154183165,7.442559491260136e-13,1.3855044824317693,1.2233558655037765e-12,1.3528754926157374,1.4606315249696202e-12,1.3028295599428656,1.9301909514362517e-12,1.2647175211452,2.0527903859536585e-10,1.618700524663544
6.993134776721908e-12,1.245390875099709,5.716943801426952e-12,1.3197645620688652,4.123169194168858e-12,1.2525574701008457,5.353339234405194e-12,1.2066567257574279,5.564493615581442e-12,1.1978694966887358,6.573751322612721e-13,1.469785613271786
5.1222078139643134e-12,1.2941248670639833,8.973672741291606e-13,1.4887321416210137,9.073365776421342e-13,1.3972771325484283,6.693270821593217e-13,1.3283662070407727,5.474133886239859e-13,1.333918952830705,4.68177501128685e-13,1.430284856096423
1.1689763466695991e-11,1.235285818087949,6.394092470551992e-12,1.3379013151686765,5.2819418662262866e-12,1.251743971747773,6.940916935517326e-12,1.1976530416510247,7.33939454309908e-12,1.2134213212788894,8.468188608851252e-13,1.4484497240344345
6.277851002842872e-13,1.385943349734003,8.043433313257754e-13,1.4518738424876934,8.290125899724946e-13,1.3402894182429421,9.03674093999e-13,1.300021933740296,1.084074148202323e-12,1.2879944015384768,6.855910392268819e-13,1.4671247670860434
1.7083464844127625e-12,1.6352783170059344,5.316436905885837e-13,1.4260060665866638,1.0060167093883569e-12,1.3904461525875949,1.0385828272784208e-12,1.3400519758269702,1.0010414794516924e-12,1.335700880475954,2.3902911685470953e-10,1.5128957260314202
9.89142295012406e-12,1.2361395426803854,9.79839356140373e-13,1.4598756366565497,1.195366895446638e-12,1.3375469661322577,8.395686211611236e-13,1.3183230184570978,7.043405939380896e-13,1.3460781703010223,2.075875418562503e-13,1.4309800907014731
4.0324720488228065e-12,1.660455765890529,3.8114868841418585e-12,1.6557712121949835,3.244328404998284e-12,1.697997460742992,4.378463455382568e-12,1.6292849142264851,5.183186117712149e-12,1.5223880521363222,8.645785184154503e-13,1.5601950257773112
4.45581950950792e-12,1.958976399782016,5.7176284828299585e-12,1.9105455439406214,4.545133185466947e-12,1.981190283054201,5.7941644329767015e-12,1.9267758844130538,6.95047787598259e-12,1.8836844023012715,3.6076741635492127e-13,1.6476167500261638
3.4539549924061588e-12,1.6974944366783389,3.2645002911125322e-12,1.7201355031899734,3.3239856960765836e-12,1.6936824953531848,3.3002611879250163e-12,1.6667116056811526,3.085869104737896e-12,1.6667361594735777,8.904958118916259e-13,1.677558699072427
7.874489782264212e-12,1.4702683923072921,5.106439263503064e-12,1.3106125035068779,6.108910222934054e-12,1.2816509792083657,7.641999673226755e-12,1.2140555846831753,7.238767345040185e-12,1.2071166827052575,7.834548389994943e-11,1.3231301623589729
3.984765320099154e-12,1.9692890205477707,3.8612533897264595e-12,1.9561758011662107,3.351471295800262e-12,2.0045117196992166,3.861393804574282e-12,1.9872418054822136,4.775713534025307e-12,1.9426225245933466,3.293562984494004e-13,1.6529738000092742
7.289432030499364e-12,1.5957115974639482,3.2553788508581086e-12,1.5362615499255052,3.248254073442645e-12,1.520818372248626,4.118346444019546e-12,1.4848182053384875,3.960122096249509e-12,1.4579524682227571,7.132723408445457e-13,1.5529856351338622
6.141239646624524e-12,1.3111784942402573,2.1506044400484136e-11,1.3305003494485672,3.0169865592030646e-12,1.2887954869838636,5.164242425784314e-12,1.2591056324440184,7.426751606960946e-12,1.2482770645421026,1.9436723966793764e-12,1.438752163695366
7.873440993288161e-12,1.5920863153112357,2.573009197706292e-12,1.4839017966750987,2.9580061059379746e-12,1.4934450213399195,3.4002296847793765e-12,1.4541733508269166,3.125096398682239e-12,1.4330198441850368,7.623618495833594e-13,1.653071888062079
7.191917620825691e-12,1.3338177319766908,1.2573735640628703e-12,1.3536631462494604,1.938558420959924e-12,1.3113738776648407,1.946553496689325e-12,1.2863563620946137,2.3240443671880045e-12,1.360271977715121,1.553350310730908e-12,1.3783777429663728
3.1460903037433713e-12,1.2956152787195432,2.7929860856625503e-12,1.2567362872632668,3.5969106337200623e-12,1.248615958513303,5.2509741327853865e-12,1.1945218540860625,9.376625527251006e-12,1.1718081352092846,6.239811747359182e-11,1.318158139104581
1.139740185404857e-12,1.3817335544134295,8.423307395041937e-13,1.4088186101735134,9.66200694998606e-13,1.3213922185492182,1.2510193632522308e-12,1.2971503512748026,2.359310649195268e-12,1.2605715543718041,3.3036156328288284e-13,1.5476493479599234
6.710654357987293e-12,1.992627676781796,3.926123198139316e-12,1.9831974038055589,3.4852023745892562e-12,2.0291666583158183,3.703886113977828e-12,1.988872791797099,4.358441714523854e-12,1.943927622260361,4.021892788276679e-13,1.6717740952805744
6.106529887862376e-12,2.013568297769401,4.283787801933741e-12,2.0239633116131026,3.5057041320522877e-12,2.054530703110444,3.917095972689286e-12,2.0181358174347492,4.673046135594143e-12,1.9849386694988533,5.507991837390221e-13,1.5558554705894434
4.484968217999201e-12,1.7594256037397564,3.3131879447244836e-12,1.79040857767972,3.1850626132475326e-12,1.784813076334637,3.0667620191825802e-12,1.7730785985431154,2.9691799036444415e-12,1.774490051949022,9.887169532092068e-13,1.6904171323168968
1.022610757516881e-10,1.3692928168464995,5.860603834682952e-11,1.4511985387317876,8.168369113891486e-11,1.3572751726909906,5.851251204138959e-11,1.340588399036917,1.272614505717613e-10,1.3479230153283446,7.488730653272173e-11,1.4383696936536141
5.4749107416077826e-11,1.689241064702454,5.056913532782506e-11,1.7746395509368476,5.156203001403527e-11,1.7639190012862385,5.0258588242321696e-11,1.757307288027091,5.000209784120318e-11,1.755791005204482,1.5615479233416996e-11,1.5754311336622013
7.300671714338562e-12,1.9029223513780729,2.424632469874876e-12,1.9130417429020214,1.742569466231483e-12,1.9615123552302134,2.007567993292241e-12,1.9193714149476138,2.552548480724289e-12,1.884661766195407,2.9970811362184696e-13,1.670647983029782
3.4016942232955897e-12,1.4247303869264647,8.59796069663082e-13,1.4531081668868597,1.0746741614317123e-12,1.3314382589878517,9.747249296155755e-13,1.2950432794383608,1.0681089627105934e-12,1.3016127378410132,2.561294483862927e-13,1.5054772498376454
2.3218136048484467e-12,1.6017360838092234,3.390873928280217e-12,1.5926276519984983,2.256594862284146e-12,1.625441662879992,2.151484598906311e-12,1.5488417353552444,1.5922928183048178e-12,1.5079861005216109,6.844943168306554e-13,1.6416711643379376
8.710723614601942e-13,1.4625514560639388,5.705867951456347e-13,1.5078406989250661,9.731246393020041e-13,1.4332916079158131,8.293767804512988e-13,1.439364544284144,7.355132854033518e-13,1.4629059328074574,1.0555076179706885e-12,1.6188484343952365
1.1740967130600707e-11,2.022344521106316,8.469951808010351e-12,2.0340406479801914,9.468399386007648e-12,2.051080044311799,1.011713543776511e-11,2.0469427109607117,9.043758369684205e-12,2.04367212589288,1.7071543144871963e-12,1.7420158471531864
1.9122750563450722e-12,1.391626955037438,1.05484307467825e-12,1.4951638173591069,8.89512293724528e-13,1.4123880647955733,8.286584598834863e-13,1.3721012906135144,1.6816098686173293e-12,1.3573838587656775,4.9936496688471726e-12,1.3816841179762263
9.206920461543068e-13,1.3512156099917758,4.803985649761522e-13,1.4073852838707221,4.866645178403569e-13,1.331926558220789,4.841780686589708e-13,1.315082127476292,7.757473488094661e-13,1.3196032358972931,2.2366758952252855e-12,1.3124034884638838
1.0039835541127225e-11,2.0514466178621458,8.723551339339031e-12,2.0268474322233487,1.0447068082467822e-11,2.054220240254129,1.1239937932630221e-11,2.043078442714391,1.0358646728848374e-11,2.0356693305713107,3.314855119357545e-12,1.85698606105766
1.030099674902433e-11,1.3771310751440624,1.2007539627627746e-12,1.614685959825528,1.5622604148304684e-12,1.5172859336635032,1.0216780530101804e-12,1.5565773494470416,7.681495217417082e-13,1.5749706901274756,4.691279373935259e-13,1.5343380537543954
7.793108470088103e-12,1.9574761821914675,5.529423767071398e-12,1.9517223450400978,5.061467905344573e-12,1.9984672223705366,5.165297394192433e-12,1.9995283309149787,4.77930467724503e-12,1.9912918769501653,1.1504905109108735e-12,1.8213355147453039
7.590940749041479e-13,1.2504923109744932,1.4449091646668845e-12,1.246938726146975,7.559962587382663e-13,1.2782073373603187,1.691529691146577e-12,1.1832209046978908,4.729325810938252e-12,1.1487051095767633,1.9433939028868968e-12,1.2764243692117516
4.0324720488228065e-12,1.660455765890529,3.8114868841418585e-12,1.6557712121949835,3.244328404998284e-12,1.697997460742992,4.378463455382568e-12,1.6292849142264851,5.183186117712149e-12,1.5223880521363222,8.645785184154503e-13,1.5601950257773112
8.387859120287023e-12,1.6045481769572443,3.5893306287553454e-12,1.633062383716405,2.6991315191626677e-12,1.6540461386601724,2.6006707147374477e-12,1.5737204823043038,1.7926072344847382e-12,1.5538266742061728,8.813732606503796e-13,1.5569087875853953
3.0570351214642452e-12,1.566297134011025,3.3251087448940668e-12,1.6187354375270215,2.1832039482032766e-12,1.6174658217781568,2.3357665256887085e-12,1.5443418881667126,1.6789245092870401e-12,1.5185640450422553,7.416818950231405e-13,1.6423490687284257
4.0324720488228065e-12,1.660455765890529,3.8114868841418585e-12,1.6557712121949835,3.244328404998284e-12,1.697997460742992,4.378463455382568e-12,1.6292849142264851,5.183186117712149e-12,1.5223880521363222,8.645785184154503e-13,1.5601950257773112
2.4883465338410437e-12,1.2052275195697593,2.0516713546554862e-12,1.2872122043690395,2.2235315324592793e-12,1.2271833969374757,2.8250794620867857e-12,1.1907707275762665,4.955921413261225e-12,1.185190316715623,1.7532909405737602e-11,1.3273219562870164
2.0551181069090365e-12,1.2262289375442748,1.7310650973206192e-12,1.2191996278975785,2.6138381374676037e-12,1.2094093751080799,2.7585597469257947e-12,1.2059759992722658,3.341082550220406e-12,1.20177927020741,1.3769757282198002e-10,1.4398737491721627
2.048210984835205e-12,1.3303292558359778,9.30362215261612e-13,1.3217792820746008,1.4791187801356566e-12,1.2860655197965054,1.2705035268818384e-12,1.2991946567398018,1.1929446190543009e-12,1.3266839915142532,1.5052619649709654e-10,1.4900386345723782
2.6842703191988968e-12,1.3407868980922808,1.1742694093517737e-12,1.4514177516195428,1.5444859969972311e-12,1.3013494605568734,1.8297570987157314e-12,1.2227146491305285,1.2802390869070297e-12,1.2328938913409968,3.058292289041235e-11,1.334731049601061
9.687351051814746e-11,1.4360434441378627,6.188815163197448e-11,1.5037937135682982,5.39490261957505e-11,1.4761765410864223,3.746536083843597e-11,1.4295046468412245,5.940286349891515e-11,1.392505782974141,1.8687782612719668e-11,1.6303041599645003
9.609759121487937e-12,1.903256512141241,3.4218110863899674e-12,1.8278330123760218,3.1439731384629927e-12,1.8781978332648537,3.1488436226723523e-12,1.8801103829481944,3.0565938811749948e-12,1.8276986150829095,8.52308097519392e-13,1.727360396385721
2.984053923235466e-12,1.6035965613598786,3.80700961526868e-12,1.5678064830733467,3.039654309780149e-12,1.610665238509014,4.187632689078451e-12,1.528470755826244,6.21449320568239e-12,1.348616558680626,7.115060188868464e-13,1.66414052119218
7.1388056677422005e-12,1.772033376363631,2.2692322273110858e-12,1.6330146977580386,2.5072868101014255e-12,1.6491770038667923,2.882438253279904e-12,1.616145058684613,3.1377294535772386e-12,1.5466302144289608,5.875610968005123e-13,1.8000025866702252
8.146639721546798e-12,1.8380816520947043,2.324656384387235e-12,1.7636638946974754,2.024909981961129e-12,1.7683858133583774,1.912510821165155e-12,1.7530912284464033,1.6064128981128301e-12,1.7524902945270013,2.0880806592977105e-12,1.79234428491878
4.0324720488228065e-12,1.660455765890529,3.8114868841418585e-12,1.6557712121949835,3.244328404998284e-12,1.697997460742992,4.378463455382568e-12,1.6292849142264851,5.183186117712149e-12,1.5223880521363222,8.645785184154503e-13,1.5601950257773112
2.6012140436334056e-12,1.617395144922409,2.4715684410341688e-12,1.619083942877925,2.23377789025816e-12,1.63347630250773,2.9769878160098774e-12,1.5743920489461392,3.0067214461464337e-12,1.5236939521714066,5.384105667670216e-13,1.6664598793580854
4.0324720488228065e-12,1.660455765890529,3.8114868841418585e-12,1.6557712121949835,3.244328404998284e-12,1.697997460742992,4.378463455382568e-12,1.6292849142264851,5.183186117712149e-12,1.5223880521363222,8.645785184154503e-13,1.5601950257773112
8.478039065082579e-12,1.965422412896875,8.643751399926091e-12,1.9669974708396527,7.934282547506946e-12,2.002064295122574,6.395948224034099e-12,1.972284410685904,6.014047121935328e-12,1.965582470510602,3.6746959937447966e-12,1.5601278970272061
5.663596641861039e-12,1.444649246650892,6.705997094787779e-13,1.5148385415039922,1.1317707195931801e-12,1.3833203379388463,8.724695913553882e-13,1.3854490819964527,7.049679605983695e-13,1.456203872775426,1.3207277635683852e-10,1.468874099143284
4.252361626989356e-12,1.8951870729571758,3.631420013988155e-12,1.9093242007961733,2.2444038505365238e-12,1.9472593354543732,2.5643493525820234e-12,1.9158656377732768,3.470004547272719e-12,1.9118813491504159,4.3614350597834337e-13,1.7017582919490344
1.2294761479809647e-11,1.610874646230533,3.746843546568086e-12,1.7112219045632597,3.831962030591075e-12,1.689154562126036,3.2756198211839376e-12,1.659862298775358,2.8210201182599548e-12,1.659569086493063,5.85156261639436e-13,1.5742099652108028
2.2914859397000408e-12,1.3485246986968722,9.023325395151039e-13,1.3677576613770541,1.3872387485216581e-12,1.3116760488500194,1.6794402258555187e-12,1.2890827212375942,1.7238512134620244e-12,1.2922228199942913,7.935037684287572e-10,1.6335852668488464
1.966659350347123e-12,1.4555777672514485,2.8784901888215914e-12,1.4571572214547843,2.567528414805402e-12,1.4510024510555395,2.8204288910807963e-12,1.4448758070132401,3.078571134314799e-12,1.370512622589838,5.918792223745121e-13,1.6368523270614705
2.8164349023267637e-12,1.9514079547499106,3.166964778737863e-12,1.932693270438753,2.2454222123062253e-12,1.954354480424384,2.4803069183738994e-12,1.918327365884095,3.35409972826912e-12,1.8954359926140751,3.8784444846085173e-13,1.6941265940501467
1.134035745786872e-11,1.5514676182120137,2.073550017817419e-12,1.6475633429105778,2.5209122991088172e-12,1.6005821058287992,2.5245657059861364e-12,1.5804714985147506,2.234420354233142e-12,1.6020867054054946,4.418511259744263e-13,1.6494480114968184
4.508676458094782e-12,1.4572719432957137,5.620280043996939e-13,1.459972459527331,1.027293686034959e-12,1.4744012624659606,7.165379452216261e-13,1.4238272612387928,4.883222308788842e-13,1.3676838106089697,1.0981555134804547e-12,1.3732380965460511
3.2896032335439408e-12,1.4983711461595415,2.073072651711e-12,1.5258992260705768,1.7254006962189565e-12,1.4810254576037793,1.9674536984270686e-12,1.480410805678396,1.8828908949084856e-12,1.465178959460295,4.759402459479369e-13,1.640278362683288
1.8305562357392903e-10,1.7336966989871698,6.238358214100031e-11,1.8101670442778999,4.756943370319616e-11,1.8290391755427675,5.75892334293652e-11,1.790599510892027,8.299473970936552e-11,1.7593192708157874,7.310184157872872e-11,1.6864613973863225
1.0906600171154024e-12,1.4444461795722747,6.39401975438461e-13,1.3916654476747423,2.3429922480055443e-12,1.3723618474448382,1.5530898054213049e-12,1.326872287645752,7.572849629508378e-13,1.2937234567809746,9.034514192362382e-13,1.369228218490583
3.862213302328744e-12,1.3775699374057133,1.0727607268983613e-12,1.4582862838856578,1.4669486475995218e-12,1.4562371487648125,1.736466242873287e-12,1.4188420943136946,1.0031949501576564e-12,1.3993361585572894,6.188456042533612e-13,1.4269480977474605
1.2777651171972902e-12,1.353690650511131,1.05013244808969e-12,1.481993209381722,1.3653787445114667e-12,1.2964669794614847,1.349804267377841e-12,1.2785411462832081,1.2127442549291183e-12,1.2868558271874742,6.613844225429016e-13,1.4880679704918207
1.6421741732172744e-11,1.3213240251612717,2.7392936486738698e-12,1.6473335224356465,2.366956644003076e-12,1.4275311147555445,1.4900312843632188e-12,1.4181429079957428,1.4435097989962323e-12,1.4490843447713728,5.687892218518534e-13,1.5096576568480085
1.2374209289816786e-11,1.3892873729689914,1.7217384863650036e-12,1.600354107203905,1.8433252048665475e-12,1.3967264638501466,1.1802180757472162e-12,1.361766122193376,8.897040403006637e-13,1.3810091642907019,8.313202903094929e-13,1.4951561126391415
1.728675566942593e-11,1.4517801236884533,1.0157602260864794e-11,1.5594411022446222,1.0323114959975307e-11,1.473686587929702,9.527779901902626e-12,1.4458181415711389,9.219803291984621e-12,1.4430845611918968,1.1381565709635633e-11,1.4441886344055412
1.1928977758169427e-11,1.377353126402062,1.4459252150019184e-12,1.5355218017075698,1.742718386348757e-12,1.425085869400738,1.0480912608639274e-12,1.412586905437065,9.499290052162573e-13,1.3935417734360824,7.217969307301691e-13,1.4912708063848152
9.32820371482013e-13,1.3774515949580188,5.581588989345735e-13,1.4156430446189803,9.139548974715847e-13,1.4111471707035141,1.0652406006427882e-12,1.3175556848661352,1.150687949127869e-12,1.2421829594150777,3.7990791318165226e-13,1.4336250577772056
1.7285267687181926e-11,1.2058291398918815,7.172429187821171e-13,1.4648178330839903,1.6045366813170037e-12,1.3661049934184641,8.707364039513467e-13,1.4103423813505191,5.933006799358041e-13,1.405945579005684,5.286036796622042e-13,1.5866301786069799
3.9800673211105276e-11,1.6884523987637807,4.012375908310441e-12,1.616461311626486,4.59682306448551e-12,1.5774513898818148,2.401729555552537e-12,1.4936753902124618,1.959575347206706e-12,1.4788592318160916,1.6462228558357682e-12,1.4465076377063548
2.4100895586864228e-12,1.4083127066894428,3.797168069754539e-12,1.5029620630633127,6.196935900758137e-12,1.4303149336086518,7.96648708329092e-12,1.4009920419973065,3.1908883470809174e-12,1.4032089536988965,1.512757631738209e-12,1.725960172871117
1.942984155329452e-11,1.2070703640230218,9.605268460727302e-13,1.4630486821468633,1.9533226200849803e-12,1.360757314524484,1.213257936479258e-12,1.4073179891581173,9.793039719299157e-13,1.425117215582913,5.467995979764638e-13,1.4730179108466297
2.6395814878215168e-12,1.5725270084140597,1.1554372780485665e-12,1.5171101313224646,1.656477225006963e-12,1.4292531553345447,1.255861810557264e-12,1.4079299199050361,9.970623688034266e-13,1.419209595761506,9.819724305890907e-13,1.531105264863647
1.4934928726339368e-11,1.6221564040579133,4.136002406716128e-12,1.5475689800319858,4.399692929400621e-12,1.467231823957136,3.724660577766202e-12,1.413566597866749,3.404030478836777e-12,1.418289597470251,1.1492072166042985e-11,1.445595830324451
1.167731162680277e-11,1.2879858796184853,8.639190485815256e-12,1.4409073046617875,1.924418233242995e-11,1.3662684507157081,2.6860868664808963e-11,1.3589363470538052,4.056237206600853e-12,1.3912192946515962,2.413272112012587e-12,1.4271250450310522
5.963657423937267e-13,1.3697587292980256,5.99011369751544e-13,1.313568611512961,1.0075307192770934e-12,1.3494419080300846,1.3613567642809295e-12,1.2129721858155178,1.0502297865042465e-12,1.2283604884627444,4.462995940735342e-13,1.3907011416073005
1.5717533608785184e-11,1.2336679422702186,1.223820528268893e-12,1.5655545528695005,1.4860096640848692e-12,1.4106952203296332,8.905024277230022e-13,1.437785308274938,8.942409589131407e-13,1.3776691427442058,1.9513428014079096e-13,1.513798670498398
5.36605900752561e-12,1.4376767275607023,4.924822794320786e-13,1.4895271256700406,6.92695739177052e-13,1.4023597562772245,4.903061950643121e-13,1.3988728867753928,5.991058976505667e-13,1.3339748318632658,3.1190146304884953e-13,1.5983500362403622
5.154672272134274e-13,1.386920129210063,3.466083237347778e-13,1.3344159050010536,7.512928794544449e-13,1.3332166550211044,7.221807698486277e-13,1.2538844298111456,4.974077918314597e-13,1.2926402130981625,4.5259995312652964e-13,1.3835841108845444
1.3483312901529392e-11,1.4430272811920892,2.93070502615689e-11,1.4531233203927523,5.573596406503257e-11,1.4153259632838335,7.669401705681889e-11,1.3674181988196186,1.7253016088786198e-11,1.3646715324232834,1.1569649359669277e-11,1.4875288365282124
7.956868671616158e-13,1.3397442813809253,6.87764326303633e-13,1.34458208205263,9.82349804059378e-13,1.3180492553563756,9.77614469404555e-13,1.2823645735085298,1.3684344673515102e-12,1.2429826212029882,8.1853697348774e-13,1.4195603995070982
8.44249895072643e-12,1.4282447163671554,2.9044060245934293e-12,1.5407736416717464,1.5180068021345554e-12,1.3978862769629616,1.2023185616493379e-12,1.3583061181784661,1.5126840915797088e-12,1.3298268645142586,7.568486219174587e-13,1.507855008421636
1.9577094018430475e-12,1.4417973816343341,5.536348245981867e-13,1.4820399157179882,1.1250912496808005e-12,1.469408842560548,7.442828762743728e-13,1.3767875846537425,6.303895126024935e-13,1.4352904616673523,2.688658656924161e-13,1.4609815107904154
3.664493478615181e-12,1.539331914862101,2.782699143621879e-12,1.574450480084675,1.0518371176662814e-12,1.4714133457633054,8.185216101138102e-13,1.4027335622489676,7.902471795131384e-13,1.3933972646256727,1.8226709142064405e-13,1.4867155023510417
3.8481281757639855e-12,1.4616854817157379,8.98498095881627e-13,1.53286340925668,1.3140710910417476e-12,1.4753649298365739,9.466582463796255e-13,1.4374729566701225,7.63719228685896e-13,1.4304358874370844,4.1936741466026005e-13,1.5609106302922153
1.2580245933921987e-12,1.5075029208330046,4.920611381790066e-13,1.4714333639693846,7.302833171458315e-13,1.4082637301591199,6.358150218277128e-13,1.3969342427363491,5.725171002391711e-13,1.3899052359946582,6.865058885870493e-13,1.5185683033977593
2.1778150327784786e-12,1.3949326608131878,1.2887893489769285e-12,1.3640892177362705,1.5679078757217552e-12,1.3022947823608713,1.8060182937233107e-12,1.2616546247133726,2.7457257611925484e-12,1.2199078577372249,6.406293782426783e-13,1.4032780498778339
8.313132405380602e-12,1.2148542453362101,1.0149330633877374e-11,1.3486219215735276,6.7978348248837366e-12,1.262868044232902,1.0019632307909684e-11,1.2829984359970925,1.2596430138236974e-12,1.2634312636891085,5.405162150818264e-13,1.4105697209606076
1.6685599037989658e-12,1.2625013328691888,8.988694881095156e-12,1.2967736794830342,7.446930263098563e-12,1.2437226852883978,1.2128440652579373e-11,1.2319649649110744,2.505725792606045e-12,1.2048126639372096,3.517089557786813e-13,1.3950100913321872
4.316009272961636e-12,1.27485183320894,7.210885918660936e-13,1.3334225342199595,1.211593660742407e-12,1.2554711537803707,1.2146375958007247e-12,1.2383682127558573,1.0377875432840234e-12,1.2758729460071905,7.11393089255577e-13,1.4036585694850994
1.7158885181936186e-11,1.3087527337125817,2.1164765370682052e-11,1.361684213718512,1.9897272085604872e-11,1.2748958726785942,3.292338444326597e-11,1.2870339583207748,2.0934203075078818e-11,1.315881509338299,1.1436394409983704e-11,1.4171368300370621
4.081548152152245e-12,1.307332385531307,7.501226790665145e-13,1.4036035847558832,1.1435532416537807e-12,1.281304072042787,1.0402072498814283e-12,1.2780626892523637,1.0811846134716647e-12,1.2753949874928514,1.5050222037148055e-13,1.4598300772137371
7.396713252689629e-12,1.1940425688658294,1.430620768529754e-11,1.265466004991997,1.062016450823055e-11,1.204716684760023,3.0737379816414477e-11,1.1633851055019737,1.5072744438066723e-11,1.1655196947667923,1.9424224526568015e-12,1.331686881178684
4.27082586292687e-11,1.3817653167981625,4.766044884501904e-11,1.443619306522832,6.183468276396453e-11,1.4018144030876314,3.483409980033423e-11,1.3951758525081337,3.086301182845201e-11,1.3928145466492556,3.8794222180236546e-11,1.4746771646971595
1.4034843156061656e-12,1.3921354688671705,6.200637769436686e-13,1.4922581527625096,8.012230727821535e-13,1.4501371914737435,7.2531979924231e-13,1.465395111663092,6.567374955078427e-13,1.4383922468776242,4.3647300643889084e-13,1.5000233813682382
1.120126786497814e-11,1.3947949726094184,8.877271074376496e-13,1.5005708000556726,1.2958680158824755e-12,1.4480731711489545,8.499328075434626e-13,1.4690159310937314,8.023442041394363e-13,1.4270680997643748,3.626795832963646e-13,1.509377047243379
2.6554463717630426e-12,1.3604449071158542,1.9339879431912392e-12,1.3931235303159664,2.4193010884891624e-12,1.3196904460600942,2.7425646619251566e-12,1.2987062767077318,2.6728625828334184e-12,1.2518238540570992,4.5555505609811e-13,1.5478622600963092
1.5812355708964393e-11,1.409746586547816,6.151523931430845e-12,1.4746505675337342,8.285002322288697e-12,1.4236621098715176,4.715542067842888e-12,1.407182262617057,4.437379751280721e-12,1.38636809173897,1.780634921129994e-11,1.561982084762594
1.066031198770665e-11,1.281477997030565,1.0599811488014953e-11,1.2519267577097402,1.0632034561010473e-11,1.2003978129566402,1.0777016586984501e-11,1.186736858846616,1.1156018232076233e-11,1.190907264749654,4.1456816524282765e-11,1.148015783279401
2.0121396652657984e-10,1.2362937008697092,1.9809706285979041e-10,1.1344491980983737,1.984391114082374e-10,1.1022875253541107,1.9827381787635454e-10,1.0995292498405833,2.0005702195338424e-10,1.1269480570625028,2.6022978817357294e-10,1.3246662047622095
4.0760087740329e-11,1.2167353610879879,4.099181036370151e-11,1.2572726338768143,4.100713870141041e-11,1.2188867874997127,4.116894289204375e-11,1.1983105404217078,4.202554540983063e-11,1.1880755403596523,1.623532326509699e-10,1.1674165026794854
8.489849133035774e-12,1.3260976126394601,1.2262894370118735e-12,1.5390041643334098,1.3012052663297105e-12,1.4468913045355407,9.57183297437636e-13,1.4766627833426964,9.381002570123725e-13,1.4280158329091752,3.160138104690934e-13,1.4582749941545732
8.901366327391942e-13,1.3369937433610937,6.359128657620323e-13,1.3694716154491307,9.951483300249666e-13,1.3627049179218182,8.214284672537351e-13,1.3712196109185584,6.054499619986479e-13,1.3565210581854705,1.109743636659368e-12,1.393112579674782
7.911039901667524e-12,1.2861215802328374,1.6291123516911312e-12,1.4258737072065144,1.4345956447569358e-12,1.3797999457687888,1.1223412602273152e-12,1.3867780960886311,8.761234696986688e-13,1.3728652680977658,4.3347567891672637e-13,1.4360892580705624
1.1880726861046701e-11,1.3603107368940126,1.1442699276548396e-11,1.2732990160939872,1.2288821320644246e-11,1.2999325618486957,1.2118199991460991e-11,1.270128570931144,1.1870736410092382e-11,1.2510021452937385,4.167684772916862e-11,1.2293280914725382
4.8381525038570715e-12,1.3215336461748117,6.505857498756466e-11,1.3585781710223277,1.0390968451005303e-11,1.3155002720411861,4.741583705438887e-12,1.3081369206689748,4.746102429275752e-12,1.2930710904933838,1.686361452229216e-11,1.3582163892687964
8.350497624867683e-12,1.2794485274283043,9.48805286848814e-13,1.4081543164799886,1.4402272975504192e-12,1.3825450047861085,1.0641109977738924e-12,1.3848395099364932,8.616684240428531e-13,1.367864346164759,1.2568304716165838e-12,1.3890312027685032
2.427490660354325e-10,1.4335471187664577,2.3680181177056443e-10,1.367175127258954,2.390331799056956e-10,1.3828781566880746,2.3823396629658813e-10,1.3508782910154606,2.377044115654583e-10,1.3281700725179393,9.404200940883571e-11,1.5097178082109368
2.4363296260087376e-11,1.4039530414435475,2.257570839835603e-11,1.3469571339293398,2.7972261122788294e-11,1.3534723835185456,2.6483448832981493e-11,1.3290613238133273,2.1447704801252165e-11,1.2988011011810372,2.3177517692660158e-11,1.3862474182535218
3.544883159570579e-12,1.5379650463002583,9.703898679704584e-13,1.499073418558016,1.2680605299362309e-12,1.4796747786569113,9.616246381215987e-13,1.4189407212221283,8.762887894296357e-13,1.3830853458030528,9.637857760863291e-13,1.4800540273239293
5.327226378704313e-11,1.2353379282638701,4.201425009693857e-11,1.315204189077672,5.829820384911215e-11,1.2782703453248887,4.25348251555868e-11,1.2772880722176163,4.859065882581963e-11,1.282875554403292,4.5150926380640625e-11,1.3970527008353495
6.588017441496795e-12,1.481089418579941,1.5783302897049557e-12,1.4493880423166257,1.6803994933024346e-12,1.4361264522955788,1.682751026969981e-12,1.441854472028535,1.6157683999263997e-12,1.4497500016324285,3.4608686786723466e-13,1.4922914237116682
2.319094570724737e-12,1.4074419333021277,3.1817251931711483e-12,1.448539865495192,2.598318017936621e-12,1.4189824490794634,2.8380940403644477e-12,1.436099341355483,2.789131504482951e-12,1.44212996307669,1.321314395445822e-12,1.3389688938038913
5.771340520091687e-11,1.3604095717621814,1.558056642463995e-12,1.2898593089136625,2.2591798233487706e-12,1.2685158937460195,2.6331366528543256e-12,1.235454484351524,2.134473093772962e-12,1.2328448391444358,9.773079111066254e-13,1.435029587612918
1.1780325501347254e-10,1.2181850008656863,3.2597162027613514e-12,1.2153950502402118,5.295793598672383e-12,1.1702288736139224,6.645012941857197e-12,1.1584857727301492,5.07241361738289e-12,1.1627331595027801,9.339213420232006e-13,1.3635889508645664
2.5260510726278796e-10,1.5055498250405055,1.6009508055767725e-12,1.4567647016487073,1.7669782706846743e-12,1.4337354134785658,1.770134150535674e-12,1.4263378720347353,1.724694156404884e-12,1.4264247100324456,4.471621666170772e-13,1.4179481853677522
4.478066703000845e-12,1.3450572347623933,3.1917722489355227e-12,1.3591878124291012,4.0379388355171004e-12,1.2706618325789403,4.424471167015117e-12,1.2291430397158691,3.5281958496579825e-12,1.2475464970936547,1.7015177484988773e-12,1.4339645697551153
6.980641524398173e-12,1.4519539416041307,1.6171275823519702e-12,1.5407777228756365,2.075295280523529e-12,1.485320423078428,3.055059114605028e-12,1.457850136206953,1.5823480139247577e-12,1.4004189212511977,2.8565481183615166e-12,1.475989771751999
8.95794336542801e-12,1.2585524813229074,1.787156239238349e-12,1.317728376711979,2.570292897870715e-12,1.2960244920541661,2.165604637960126e-12,1.2971423877128,2.2096223309737297e-12,1.2710485066396173,1.5537639564782953e-12,1.423669934683163
1.505297848414966e-12,1.4723421111007402,1.4616039818807804e-12,1.4912935420112787,1.4682568412109106e-12,1.4357454296392618,1.517009225311787e-12,1.3699132418506579,1.801156697844886e-12,1.3299773740907057,2.9098827404092327e-12,1.470048363963212
2.240362214315039e-11,1.2992520695753504,4.136323251808709e-12,1.5178943126243079,4.670182111483965e-12,1.4214957384684723,3.8216285224741605e-12,1.403142964780059,3.742930053673838e-12,1.3974956175307551,3.355914570459654e-12,1.4502495643179845
4.099297143573095e-12,1.434279242951413,8.319099433653569e-13,1.4392696880314753,1.3616097952196277e-12,1.4134030588954642,1.1307542610017788e-12,1.3832997793681325,1.300312856919413e-12,1.3382575640616095,1.7313774399053459e-12,1.5680718413591423
9.909748385593043e-13,1.4331188936821488,6.931996197737058e-13,1.3101913093329105,1.1862143472466166e-12,1.3333294316427295,1.1001247204605153e-12,1.300054813646104,1.627675990266323e-12,1.2368660394469049,1.0135576719502168e-12,1.3636819334068149
3.872994309026648e-11,1.432448589067979,3.63934198503325e-11,1.3723104683693395,3.673417528107826e-11,1.3365384730411816,3.6327405375846843e-11,1.268503131976889,3.652283985814334e-11,1.2198534908148433,4.3186341345140926e-11,1.3899630577246107
4.9024595941692486e-12,1.4044134511984743,4.119970391249249e-12,1.3093451763295842,4.92583528192321e-12,1.2584110442418275,5.0217781911132495e-12,1.2115384892024177,5.070766686700972e-12,1.1858865356755581,9.140757335048324e-12,1.2815590971401305
9.109030098139335e-13,1.439027475503855,8.679729046487967e-13,1.4164433721002083,1.2457818135981744e-12,1.4291883360560067,1.155706965481517e-12,1.3850989211397724,9.969022188705515e-13,1.330909075616861,2.411584214796744e-12,1.3159004057726413
2.4687282754263308e-12,1.4763161826272186,7.226726112113224e-13,1.4678345928850158,1.0516668637603944e-12,1.465868445455887,8.479229073032944e-13,1.405680310119773,7.098357377896177e-13,1.381338857220313,7.213906063033245e-13,1.4009978085985582
4.610727084771145e-12,1.4466756322959715,1.0321112883830077e-12,1.424206331551665,1.5361533914814523e-12,1.4303094723894565,1.3035592017218785e-12,1.3792421257087273,1.3068959920577588e-12,1.3331422096335022,2.738231056774323e-12,1.296077890617624
7.718223971652989e-13,1.368062125143684,1.0395929687635704e-12,1.3470299042127998,1.276967638515311e-12,1.3374642106829981,2.2652070242343806e-12,1.2559167846124153,2.3465291926150168e-12,1.2477248479750664,1.1262000335350537e-12,1.4972616078362448
3.65723256422906e-12,1.5284538047423226,2.577798651436325e-12,1.45955554237507,2.5073318160964494e-12,1.4382759192743837,2.243029543646798e-12,1.3444322044287078,2.254759336233652e-12,1.2866187345009499,3.3271731140085016e-12,1.3672659653576311
3.1004859747989943e-12,1.5695509228555475,1.6813666004715065e-12,1.560180438401359,1.3606201136905994e-12,1.5375217742631182,1.1589022849838435e-12,1.4986126356218097,8.267904590120642e-13,1.4791234860253488,9.582561419827032e-13,1.517337373815474
2.6804829484430538e-11,1.501001082103275,2.4683589461173706e-11,1.5184375212135917,2.449612722031385e-11,1.4797349351364222,2.405298268360127e-11,1.4476105441048215,2.3372922447091508e-11,1.4242814971722066,2.997281442367952e-11,1.4295406253766636
1.2937780811750958e-12,1.4340577949028084,8.384332506014494e-13,1.495603025441878,1.0933666985548795e-12,1.4065543504543998,8.045489671339247e-13,1.3801868682404315,1.0398981888949834e-12,1.3756967433138936,3.1401456649141313e-13,1.445519478453759
3.1004859747989943e-12,1.5695509228555475,1.6813666004715065e-12,1.560180438401359,1.3606201136905994e-12,1.5375217742631182,1.1589022849838435e-12,1.4986126356218097,8.267904590120642e-13,1.4791234860253488,9.582561419827032e-13,1.517337373815474
9.247637008222516e-12,1.3951342616829034,4.1690312919553196e-12,1.4405685438220122,5.6037632759941594e-12,1.4366288776873244,3.2930753180466055e-12,1.3962911829697342,1.5559784749629332e-11,1.3776581906199565,8.704122290671491e-12,1.4772514675944384
1.2380310457424383e-12,1.4877946266739859,9.385109413486502e-13,1.4730499113129307,1.231785228314901e-12,1.4431784196614121,1.2602590874422668e-12,1.390361581915517,9.682106854835156e-13,1.3582865736218905,5.350662277981082e-13,1.4457884458262493
1.2380310457424383e-12,1.4877946266739859,9.385109413486502e-13,1.4730499113129307,1.231785228314901e-12,1.4431784196614121,1.2602590874422668e-12,1.390361581915517,9.682106854835156e-13,1.3582865736218905,5.350662277981082e-13,1.4457884458262493
3.3571515474340278e-12,1.3085794677664817,1.8580879557601714e-12,1.3931215894016387,1.864546777371765e-12,1.305972692489367,2.7675906915064876e-12,1.2795978148119118,1.6014685677813348e-12,1.2807227957068574,5.392222703423004e-13,1.439309971656883
2.6804829484430538e-11,1.501001082103275,2.4683589461173706e-11,1.5184375212135917,2.449612722031385e-11,1.4797349351364222,2.405298268360127e-11,1.4476105441048215,2.3372922447091508e-11,1.4242814971722066,2.997281442367952e-11,1.4295406253766636
6.447789585341435e-12,1.8243078690188768,2.721342044522325e-12,1.8513960884917087,3.134260203021487e-12,1.8672335743488666,2.7966150171257057e-12,1.8949477015050873,2.324604673170968e-12,1.9218866602355498,6.548343478230373e-13,1.7575931311747517
9.219034733862848e-11,1.9037552091419856,8.786861498528156e-11,1.901917987831104,8.839969910016337e-11,1.9598346817587666,8.752079723513549e-11,1.983950513089128,8.614343810317901e-11,1.9958044598473554,2.839400230911289e-11,1.6651080579688073
2.7240680672387863e-12,1.3287651990846698,2.235423780374846e-12,1.4336077206916156,2.2654484708053697e-12,1.3120074379990705,2.5973175835320315e-12,1.2712012244077309,1.7321826786052624e-12,1.2745674239878806,1.1067593674119987e-12,1.4321097167604417
6.3322163627910724e-12,1.7212248283831975,5.870709394563969e-12,1.752724420325054,6.710197870678322e-12,1.7203253977070296,6.258509156438781e-12,1.774684841975122,5.6541181881253565e-12,1.8283971398503467,5.236598981953321e-12,1.7544251897478118
1.5929390656376185e-11,1.1730452380957779,8.889272805677138e-13,1.3594816839260837,1.6977447623507798e-12,1.2377064940571438,1.092956226288422e-12,1.2751326468648345,8.532075907083258e-13,1.2995405614391757,3.9713352387464866e-13,1.432229764879801
1.0193101250698605e-11,1.3659348738675943,1.1395503910104421e-11,1.2825563596849938,1.1653609296701245e-11,1.3162261948001701,1.1648928967361058e-11,1.277971523536299,1.138207441743503e-11,1.2703829894212029,4.482369260404065e-11,1.2983449739810244
4.416085028562879e-12,1.2217227982822403,4.2838413015456e-13,1.3178754068248897,8.670603055338369e-13,1.2210376633151963,7.294894533357012e-13,1.2443659376856155,5.780025469220132e-13,1.2573087366716982,6.590368190619377e-13,1.348565487065277
5.674063541839866e-11,1.189215929511947,4.573262206422814e-11,1.236660464433176,4.6578158581423694e-11,1.2552269918188035,4.5868974858216766e-11,1.2397206710696456,4.576847758518127e-11,1.2431654674730348,6.068157117521852e-11,1.3714821184174248
1.1330751016790244e-12,1.2498592424076276,8.224603993888136e-13,1.2627900206265508,1.2362460458897192e-12,1.2188675072719655,1.5343154712177083e-12,1.2186704373892618,1.7749619245832818e-12,1.2104201569339152,9.582821163143209e-13,1.3546741972988587
2.7164762424014716e-12,1.5025053577823377,7.546072992456765e-13,1.4293137481951843,1.3608212798004744e-12,1.4780269920666178,1.000936591170749e-12,1.4303238581857016,8.477951736053007e-13,1.3957111829300592,1.2699273977877959e-12,1.4157404569375558
1.1019243428813504e-12,1.5201884923778903,8.002210183337581e-13,1.4565033448697402,1.2881245760652715e-12,1.4892393778081339,1.1502799675435274e-12,1.4455795420875115,9.767836545827978e-13,1.4090151520485361,1.5565173173682265e-12,1.4836988278952352
5.145262406983829e-12,1.5505049092710859,1.0777038993488905e-12,1.6630304883889493,1.226648187605211e-12,1.666161141476645,1.4129632208289241e-12,1.6040224155384397,1.2396507780602752e-12,1.5599563228082203,4.3499787447369043e-13,1.5818393195813751
